{"loss": [55.4857292175293, 2.304363489151001, 1.176108479499817, 1.0100820064544678, 1.165809988975525, 1.0297214984893799, 0.9301712512969971, 0.7916353344917297], "accuracy": [0.36764705181121826, 0.2537313401699066, 0.49253731966018677, 0.5223880410194397, 0.4029850661754608, 0.4264705777168274, 0.5223880410194397, 0.5522388219833374], "val_loss": [3.260610580444336, 1.0659511089324951, 1.218628168106079, 1.0572210550308228, 1.0486165285110474, 1.0696525573730469, 1.0483633279800415, 0.635013222694397], "val_accuracy": [0.23529411852359772, 0.3529411852359772, 0.3529411852359772, 0.3529411852359772, 0.3529411852359772, 0.3529411852359772, 0.3529411852359772, 0.7647058963775635]}